ssn|cc_num|first|last|gender|street|city|state|zip|lat|long|city_pop|job|dob|acct_num|profile|trans_num|trans_date|trans_time|unix_time|category|amt|is_fraud|merchant|merch_lat|merch_long
196-77-8328|3514658404499723|Jeremy|Washington|M|867 Kane Square Apt. 963|Loyalton|CA|96118|39.663|-120.2297|1627|Paediatric nurse|1985-01-19|348079814698|adults_2550_male_rural.json|fb0d0e3cb3c0c5191ac93769af2459b2|2025-06-15|22:40:14|1750045214|shopping_net|345.75|1|fraud_Medhurst PLC|38.705957|-120.744985
196-77-8328|3514658404499723|Jeremy|Washington|M|867 Kane Square Apt. 963|Loyalton|CA|96118|39.663|-120.2297|1627|Paediatric nurse|1985-01-19|348079814698|adults_2550_male_rural.json|9610c3cb719f0f4bb4b86f3ac834b42c|2025-06-15|22:44:03|1750045443|shopping_net|312.78|1|fraud_Reichert, Shanahan and Hayes|39.842195|-121.030554
196-77-8328|3514658404499723|Jeremy|Washington|M|867 Kane Square Apt. 963|Loyalton|CA|96118|39.663|-120.2297|1627|Paediatric nurse|1985-01-19|348079814698|adults_2550_male_rural.json|6b062f630a3798e31a4e20b366183d93|2025-06-14|22:02:19|1749956539|grocery_pos|572.45|1|fraud_Doyle Ltd|38.748241|-120.504465
196-77-8328|3514658404499723|Jeremy|Washington|M|867 Kane Square Apt. 963|Loyalton|CA|96118|39.663|-120.2297|1627|Paediatric nurse|1985-01-19|348079814698|adults_2550_male_rural.json|9bfa41709ee864f02e77d43474cbb28c|2025-06-15|22:50:20|1750045820|shopping_net|986.68|1|fraud_Ruecker, Beer and Collier|39.795680|-119.418770
196-77-8328|3514658404499723|Jeremy|Washington|M|867 Kane Square Apt. 963|Loyalton|CA|96118|39.663|-120.2297|1627|Paediatric nurse|1985-01-19|348079814698|adults_2550_male_rural.json|d0a710005b5437f04184b3cbe657076b|2025-06-15|23:31:28|1750048288|personal_care|1012.66|1|fraud_Crooks and Sons|38.946121|-121.104938
196-77-8328|3514658404499723|Jeremy|Washington|M|867 Kane Square Apt. 963|Loyalton|CA|96118|39.663|-120.2297|1627|Paediatric nurse|1985-01-19|348079814698|adults_2550_male_rural.json|c185df1a25f522794b3ee543e52ff2cf|2025-06-15|22:12:53|1750043573|shopping_net|1071.14|1|fraud_Towne, Greenholt and Koepp|40.644557|-121.100600
196-77-8328|3514658404499723|Jeremy|Washington|M|867 Kane Square Apt. 963|Loyalton|CA|96118|39.663|-120.2297|1627|Paediatric nurse|1985-01-19|348079814698|adults_2550_male_rural.json|8495d96557cf4332d93a0e45a6e17000|2025-06-15|17:02:58|1750024978|misc_net|1044.86|1|fraud_Welch Inc|40.140929|-120.294210
196-77-8328|3514658404499723|Jeremy|Washington|M|867 Kane Square Apt. 963|Loyalton|CA|96118|39.663|-120.2297|1627|Paediatric nurse|1985-01-19|348079814698|adults_2550_male_rural.json|40b47fddbd1478f2a2c0b30d150218f3|2025-06-14|23:37:32|1749962252|grocery_pos|20.57|1|fraud_Stracke-Lemke|40.461759|-119.641813
196-77-8328|3514658404499723|Jeremy|Washington|M|867 Kane Square Apt. 963|Loyalton|CA|96118|39.663|-120.2297|1627|Paediatric nurse|1985-01-19|348079814698|adults_2550_male_rural.json|f28bc1b8ba2e4e1b1c17cdacddc138aa|2025-04-03|00:52:01|1743659521|shopping_pos|74.80|0|fraud_Nitzsche, Kessler and Wolff|40.060075|-119.441459
196-77-8328|3514658404499723|Jeremy|Washington|M|867 Kane Square Apt. 963|Loyalton|CA|96118|39.663|-120.2297|1627|Paediatric nurse|1985-01-19|348079814698|adults_2550_male_rural.json|43251356a45c5d635f9d8f09ab351a6b|2025-03-21|10:07:02|1742569622|shopping_net|68.70|0|fraud_Baumbach, Feeney and Morar|39.738251|-119.587411
196-77-8328|3514658404499723|Jeremy|Washington|M|867 Kane Square Apt. 963|Loyalton|CA|96118|39.663|-120.2297|1627|Paediatric nurse|1985-01-19|348079814698|adults_2550_male_rural.json|435b3305dc604b8bf39b26bdd64ef4f2|2025-04-03|10:55:37|1743695737|shopping_pos|67.43|0|fraud_Haley, Jewess and Bechtelar|38.789954|-121.112070
196-77-8328|3514658404499723|Jeremy|Washington|M|867 Kane Square Apt. 963|Loyalton|CA|96118|39.663|-120.2297|1627|Paediatric nurse|1985-01-19|348079814698|adults_2550_male_rural.json|30d3c23bb1db2f24de8ed05a5705182c|2025-03-07|02:38:47|1741333127|misc_pos|51.09|0|fraud_Buckridge PLC|38.832048|-119.688534
196-77-8328|3514658404499723|Jeremy|Washington|M|867 Kane Square Apt. 963|Loyalton|CA|96118|39.663|-120.2297|1627|Paediatric nurse|1985-01-19|348079814698|adults_2550_male_rural.json|f50026042dbae4f068007b52d7549d69|2025-01-16|01:48:01|1737010081|grocery_net|57.02|0|fraud_Kemmer-Reinger|39.485885|-120.567525
196-77-8328|3514658404499723|Jeremy|Washington|M|867 Kane Square Apt. 963|Loyalton|CA|96118|39.663|-120.2297|1627|Paediatric nurse|1985-01-19|348079814698|adults_2550_male_rural.json|21753b44bde2776653719ff3ee9589c9|2025-01-31|10:20:29|1738336829|grocery_pos|49.13|0|fraud_Goldner, Kovacek and Abbott|38.853641|-120.663613
196-77-8328|3514658404499723|Jeremy|Washington|M|867 Kane Square Apt. 963|Loyalton|CA|96118|39.663|-120.2297|1627|Paediatric nurse|1985-01-19|348079814698|adults_2550_male_rural.json|68c28af57f644546de9cfef31628d381|2025-03-26|11:26:52|1743006412|shopping_pos|48.20|0|fraud_Pfeffer and Sons|39.931464|-120.725509
196-77-8328|3514658404499723|Jeremy|Washington|M|867 Kane Square Apt. 963|Loyalton|CA|96118|39.663|-120.2297|1627|Paediatric nurse|1985-01-19|348079814698|adults_2550_male_rural.json|4dc3bf2c7578bde1acef496c1bd38a50|2025-01-12|06:15:44|1736680544|grocery_net|53.36|0|fraud_Bernier, Streich and Jewess|39.499696|-119.576046
196-77-8328|3514658404499723|Jeremy|Washington|M|867 Kane Square Apt. 963|Loyalton|CA|96118|39.663|-120.2297|1627|Paediatric nurse|1985-01-19|348079814698|adults_2550_male_rural.json|8dfe1b784997e8b951aba4432a741a10|2025-04-04|02:00:23|1743750023|shopping_pos|51.39|0|fraud_Kihn Inc|39.993799|-120.990496
196-77-8328|3514658404499723|Jeremy|Washington|M|867 Kane Square Apt. 963|Loyalton|CA|96118|39.663|-120.2297|1627|Paediatric nurse|1985-01-19|348079814698|adults_2550_male_rural.json|35f1239f50286e4210cc7041616297fc|2025-02-27|01:37:00|1740638220|misc_pos|51.89|0|fraud_Maggio-Fahey|40.233801|-119.906221
196-77-8328|3514658404499723|Jeremy|Washington|M|867 Kane Square Apt. 963|Loyalton|CA|96118|39.663|-120.2297|1627|Paediatric nurse|1985-01-19|348079814698|adults_2550_male_rural.json|eb184cb7bf9f59710cc635f44c07325c|2025-01-09|01:59:46|1736405986|gas_transport|44.66|0|fraud_Kling Inc|39.783415|-120.527966
196-77-8328|3514658404499723|Jeremy|Washington|M|867 Kane Square Apt. 963|Loyalton|CA|96118|39.663|-120.2297|1627|Paediatric nurse|1985-01-19|348079814698|adults_2550_male_rural.json|6791e6fc4e4a0c5224d8b495980d855d|2025-02-08|06:00:33|1739012433|grocery_pos|46.37|0|fraud_DuBuque LLC|40.126760|-119.691746
196-77-8328|3514658404499723|Jeremy|Washington|M|867 Kane Square Apt. 963|Loyalton|CA|96118|39.663|-120.2297|1627|Paediatric nurse|1985-01-19|348079814698|adults_2550_male_rural.json|d747ddbc404dcb95462b1295f188507c|2025-03-21|00:56:04|1742536564|shopping_net|98.80|0|fraud_Boyer PLC|39.428616|-119.851130
196-77-8328|3514658404499723|Jeremy|Washington|M|867 Kane Square Apt. 963|Loyalton|CA|96118|39.663|-120.2297|1627|Paediatric nurse|1985-01-19|348079814698|adults_2550_male_rural.json|1e2890544219cd6bbfb5f6b9dbb3a5ac|2025-02-16|09:27:44|1739716064|grocery_pos|97.50|0|fraud_Kovacek, Dibbert and Ondricka|38.713899|-120.589289
196-77-8328|3514658404499723|Jeremy|Washington|M|867 Kane Square Apt. 963|Loyalton|CA|96118|39.663|-120.2297|1627|Paediatric nurse|1985-01-19|348079814698|adults_2550_male_rural.json|fb235bc59da405b6029676da6547a3af|2025-03-02|09:15:41|1740924941|misc_pos|93.53|0|fraud_Keeling-Crist|40.016358|-119.399601
196-77-8328|3514658404499723|Jeremy|Washington|M|867 Kane Square Apt. 963|Loyalton|CA|96118|39.663|-120.2297|1627|Paediatric nurse|1985-01-19|348079814698|adults_2550_male_rural.json|cb9a12527b742f6e719c930aefe5e622|2025-01-22|06:35:10|1737545710|grocery_pos|108.06|0|fraud_Moen, Reinger and Murphy|38.858880|-120.331258
196-77-8328|3514658404499723|Jeremy|Washington|M|867 Kane Square Apt. 963|Loyalton|CA|96118|39.663|-120.2297|1627|Paediatric nurse|1985-01-19|348079814698|adults_2550_male_rural.json|1286f386cbf035bdd4cc8020456030ab|2025-03-18|08:24:42|1742304282|shopping_net|105.11|0|fraud_Schumm PLC|39.414630|-119.566124
196-77-8328|3514658404499723|Jeremy|Washington|M|867 Kane Square Apt. 963|Loyalton|CA|96118|39.663|-120.2297|1627|Paediatric nurse|1985-01-19|348079814698|adults_2550_male_rural.json|dc662840fd82da902cdeeb31c3c39cef|2025-01-09|06:14:59|1736421299|gas_transport|88.52|0|fraud_Jenkins, Hauck and Friesen|40.593437|-120.470788
196-77-8328|3514658404499723|Jeremy|Washington|M|867 Kane Square Apt. 963|Loyalton|CA|96118|39.663|-120.2297|1627|Paediatric nurse|1985-01-19|348079814698|adults_2550_male_rural.json|6018c26a5cf7d204cc22db3cda1693df|2025-01-18|04:24:10|1737192250|grocery_net|100.09|0|fraud_Shields Inc|40.055576|-119.590910
196-77-8328|3514658404499723|Jeremy|Washington|M|867 Kane Square Apt. 963|Loyalton|CA|96118|39.663|-120.2297|1627|Paediatric nurse|1985-01-19|348079814698|adults_2550_male_rural.json|30591c10392c45d6c5ac11cd6c8a88eb|2025-01-14|05:21:46|1736850106|grocery_net|122.32|0|fraud_Rowe-Vandervort|40.184905|-120.465664
196-77-8328|3514658404499723|Jeremy|Washington|M|867 Kane Square Apt. 963|Loyalton|CA|96118|39.663|-120.2297|1627|Paediatric nurse|1985-01-19|348079814698|adults_2550_male_rural.json|d4649831ded75a0bb66a055e888ddbf4|2025-01-17|00:45:58|1737092758|grocery_net|116.84|0|fraud_Tromp, Kerluke and Glover|39.106221|-120.033838
196-77-8328|3514658404499723|Jeremy|Washington|M|867 Kane Square Apt. 963|Loyalton|CA|96118|39.663|-120.2297|1627|Paediatric nurse|1985-01-19|348079814698|adults_2550_male_rural.json|9a9197b6259a7e717d531ad2434c6e68|2025-03-11|03:26:58|1741681618|shopping_net|98.18|0|fraud_Auer-West|40.246388|-119.521319
196-77-8328|3514658404499723|Jeremy|Washington|M|867 Kane Square Apt. 963|Loyalton|CA|96118|39.663|-120.2297|1627|Paediatric nurse|1985-01-19|348079814698|adults_2550_male_rural.json|9cc6183304f970cf29d9b5888fd6231b|2025-03-23|08:07:22|1742735242|shopping_net|92.60|0|fraud_Schmeler, Bashirian and Price|39.284960|-120.682877
196-77-8328|3514658404499723|Jeremy|Washington|M|867 Kane Square Apt. 963|Loyalton|CA|96118|39.663|-120.2297|1627|Paediatric nurse|1985-01-19|348079814698|adults_2550_male_rural.json|327d444e2a691a98a62303c0cd4171f3|2025-03-06|10:56:34|1741276594|misc_pos|115.45|0|fraud_Yost, Block and Koepp|39.982734|-121.103822
196-77-8328|3514658404499723|Jeremy|Washington|M|867 Kane Square Apt. 963|Loyalton|CA|96118|39.663|-120.2297|1627|Paediatric nurse|1985-01-19|348079814698|adults_2550_male_rural.json|fc4ba363aa82f4724faf3f2449b55c2c|2025-02-16|00:42:35|1739684555|grocery_pos|112.51|0|fraud_Wolf Inc|39.850815|-119.766965
196-77-8328|3514658404499723|Jeremy|Washington|M|867 Kane Square Apt. 963|Loyalton|CA|96118|39.663|-120.2297|1627|Paediatric nurse|1985-01-19|348079814698|adults_2550_male_rural.json|886034c6c0abcb09be70eec9c27e30d9|2025-02-11|00:16:20|1739250980|grocery_pos|127.00|0|fraud_Miller-Hauck|39.845161|-120.727833
196-77-8328|3514658404499723|Jeremy|Washington|M|867 Kane Square Apt. 963|Loyalton|CA|96118|39.663|-120.2297|1627|Paediatric nurse|1985-01-19|348079814698|adults_2550_male_rural.json|1750d6f0eb8a6eaacfbc5f0d5ffccfb6|2025-02-13|06:18:38|1739445518|grocery_pos|96.43|0|fraud_Lockman Ltd|40.165574|-120.583227
196-77-8328|3514658404499723|Jeremy|Washington|M|867 Kane Square Apt. 963|Loyalton|CA|96118|39.663|-120.2297|1627|Paediatric nurse|1985-01-19|348079814698|adults_2550_male_rural.json|52091933879d2d717a608d09dc6fdfc4|2025-01-18|00:15:57|1737177357|grocery_net|97.37|0|fraud_Runolfsson and Sons|39.437564|-119.596610
196-77-8328|3514658404499723|Jeremy|Washington|M|867 Kane Square Apt. 963|Loyalton|CA|96118|39.663|-120.2297|1627|Paediatric nurse|1985-01-19|348079814698|adults_2550_male_rural.json|fbd7918f6fd55e2834e0c89a574ef702|2025-02-08|00:54:22|1738994062|grocery_pos|109.48|0|fraud_Deckow-O'Conner|40.561176|-119.901293
196-77-8328|3514658404499723|Jeremy|Washington|M|867 Kane Square Apt. 963|Loyalton|CA|96118|39.663|-120.2297|1627|Paediatric nurse|1985-01-19|348079814698|adults_2550_male_rural.json|cb4465c0e5708305ddde836b581ce29d|2025-02-24|11:50:12|1740415812|misc_pos|111.17|0|fraud_Dickinson Ltd|39.052584|-121.065976
196-77-8328|3514658404499723|Jeremy|Washington|M|867 Kane Square Apt. 963|Loyalton|CA|96118|39.663|-120.2297|1627|Paediatric nurse|1985-01-19|348079814698|adults_2550_male_rural.json|51dd483ee1c83d7fdc68602611fb9a85|2025-02-01|11:04:02|1738425842|grocery_pos|91.38|0|fraud_Miller-Hauck|40.612087|-120.519138
196-77-8328|3514658404499723|Jeremy|Washington|M|867 Kane Square Apt. 963|Loyalton|CA|96118|39.663|-120.2297|1627|Paediatric nurse|1985-01-19|348079814698|adults_2550_male_rural.json|a68ca56cfa63a4333a75fa8743d39bf4|2025-02-28|00:03:30|1740719010|misc_pos|125.22|0|fraud_Buckridge PLC|39.479743|-121.222975
196-77-8328|3514658404499723|Jeremy|Washington|M|867 Kane Square Apt. 963|Loyalton|CA|96118|39.663|-120.2297|1627|Paediatric nurse|1985-01-19|348079814698|adults_2550_male_rural.json|e4acc40d4ee19d13535d8510479c1d90|2025-01-25|09:53:07|1737816787|grocery_pos|27.56|0|fraud_Bailey-Morar|40.613724|-119.814530
196-77-8328|3514658404499723|Jeremy|Washington|M|867 Kane Square Apt. 963|Loyalton|CA|96118|39.663|-120.2297|1627|Paediatric nurse|1985-01-19|348079814698|adults_2550_male_rural.json|44213eae922a54fd928b44f68d9c2798|2025-03-19|04:00:16|1742374816|shopping_net|35.85|0|fraud_Labadie, Treutel and Bode|39.031689|-121.107796
196-77-8328|3514658404499723|Jeremy|Washington|M|867 Kane Square Apt. 963|Loyalton|CA|96118|39.663|-120.2297|1627|Paediatric nurse|1985-01-19|348079814698|adults_2550_male_rural.json|733cbf6c4f77e6ca49351e9cf9d72a20|2025-03-22|01:44:22|1742625862|shopping_net|30.68|0|fraud_Langworth, Boehm and Gulgowski|40.475970|-120.101007
196-77-8328|3514658404499723|Jeremy|Washington|M|867 Kane Square Apt. 963|Loyalton|CA|96118|39.663|-120.2297|1627|Paediatric nurse|1985-01-19|348079814698|adults_2550_male_rural.json|87bd49c32113d17b501bd5d29c4b570d|2025-03-25|08:20:10|1742908810|shopping_pos|35.32|0|fraud_Jast-McDermott|39.413860|-120.124845
196-77-8328|3514658404499723|Jeremy|Washington|M|867 Kane Square Apt. 963|Loyalton|CA|96118|39.663|-120.2297|1627|Paediatric nurse|1985-01-19|348079814698|adults_2550_male_rural.json|5a03292c872671af93e99742c0a4ee01|2025-01-13|08:08:23|1736773703|grocery_net|31.07|0|fraud_Rowe-Vandervort|39.924957|-119.540950
196-77-8328|3514658404499723|Jeremy|Washington|M|867 Kane Square Apt. 963|Loyalton|CA|96118|39.663|-120.2297|1627|Paediatric nurse|1985-01-19|348079814698|adults_2550_male_rural.json|762dcdb6eaf64372fd9312bf3d74b59b|2025-03-09|10:14:22|1741533262|misc_pos|44.52|0|fraud_Stamm-Rodriguez|39.967682|-120.033173
196-77-8328|3514658404499723|Jeremy|Washington|M|867 Kane Square Apt. 963|Loyalton|CA|96118|39.663|-120.2297|1627|Paediatric nurse|1985-01-19|348079814698|adults_2550_male_rural.json|60b24d15e958dd38ff7e8f9aa46ba4d6|2025-03-07|08:21:12|1741353672|misc_pos|32.99|0|fraud_Flatley Group|39.427003|-119.578046
196-77-8328|3514658404499723|Jeremy|Washington|M|867 Kane Square Apt. 963|Loyalton|CA|96118|39.663|-120.2297|1627|Paediatric nurse|1985-01-19|348079814698|adults_2550_male_rural.json|0f40047be1f763b6481e5f0f60f7e444|2025-03-06|10:39:33|1741275573|misc_pos|37.91|0|fraud_Gutmann-Upton|39.905319|-120.773208
196-77-8328|3514658404499723|Jeremy|Washington|M|867 Kane Square Apt. 963|Loyalton|CA|96118|39.663|-120.2297|1627|Paediatric nurse|1985-01-19|348079814698|adults_2550_male_rural.json|3f817016570b718641944ffcccdd523a|2025-01-03|10:33:16|1735918396|gas_transport|37.47|0|fraud_Kutch, Hermiston and Farrell|38.681658|-120.876963
196-77-8328|3514658404499723|Jeremy|Washington|M|867 Kane Square Apt. 963|Loyalton|CA|96118|39.663|-120.2297|1627|Paediatric nurse|1985-01-19|348079814698|adults_2550_male_rural.json|564984b0995514469d40d6ec358ad471|2025-03-07|08:04:08|1741352648|misc_pos|32.04|0|fraud_Towne LLC|38.846134|-121.135564
196-77-8328|3514658404499723|Jeremy|Washington|M|867 Kane Square Apt. 963|Loyalton|CA|96118|39.663|-120.2297|1627|Paediatric nurse|1985-01-19|348079814698|adults_2550_male_rural.json|347b1a88a47bf301d010d944a308da1a|2025-02-08|01:50:33|1738997433|grocery_pos|41.26|0|fraud_Goodwin-Nitzsche|39.541475|-119.329999
196-77-8328|3514658404499723|Jeremy|Washington|M|867 Kane Square Apt. 963|Loyalton|CA|96118|39.663|-120.2297|1627|Paediatric nurse|1985-01-19|348079814698|adults_2550_male_rural.json|603baa17350b2335f626c6aabc29318c|2025-02-10|02:03:59|1739171039|grocery_pos|33.18|0|fraud_Cole PLC|39.832336|-121.195616
196-77-8328|3514658404499723|Jeremy|Washington|M|867 Kane Square Apt. 963|Loyalton|CA|96118|39.663|-120.2297|1627|Paediatric nurse|1985-01-19|348079814698|adults_2550_male_rural.json|f4d2a72236da9c95c5e0fa4e17b2f917|2025-03-21|10:07:14|1742569634|shopping_net|27.20|0|fraud_Heathcote LLC|40.279829|-119.300588
196-77-8328|3514658404499723|Jeremy|Washington|M|867 Kane Square Apt. 963|Loyalton|CA|96118|39.663|-120.2297|1627|Paediatric nurse|1985-01-19|348079814698|adults_2550_male_rural.json|58b5b07aec114cbc8c329750a0dbad7d|2025-03-08|00:20:39|1741411239|misc_pos|45.22|0|fraud_Boehm, Predovic and Reinger|39.637559|-121.009839
196-77-8328|3514658404499723|Jeremy|Washington|M|867 Kane Square Apt. 963|Loyalton|CA|96118|39.663|-120.2297|1627|Paediatric nurse|1985-01-19|348079814698|adults_2550_male_rural.json|9498b81b3b21a5d5921c287eae89629c|2025-01-25|10:49:57|1737820197|grocery_pos|36.43|0|fraud_Doyle Ltd|40.208105|-120.647461
196-77-8328|3514658404499723|Jeremy|Washington|M|867 Kane Square Apt. 963|Loyalton|CA|96118|39.663|-120.2297|1627|Paediatric nurse|1985-01-19|348079814698|adults_2550_male_rural.json|a82684fbb47b364b73924154c2fe5235|2025-01-29|08:35:17|1738157717|grocery_pos|29.62|0|fraud_Cole PLC|39.217872|-119.254946
196-77-8328|3514658404499723|Jeremy|Washington|M|867 Kane Square Apt. 963|Loyalton|CA|96118|39.663|-120.2297|1627|Paediatric nurse|1985-01-19|348079814698|adults_2550_male_rural.json|9c264e4024204c0d9a25dcf216b01790|2025-03-12|02:49:36|1741765776|shopping_net|105.82|0|fraud_Reichert, Shanahan and Hayes|39.653761|-119.992344
196-77-8328|3514658404499723|Jeremy|Washington|M|867 Kane Square Apt. 963|Loyalton|CA|96118|39.663|-120.2297|1627|Paediatric nurse|1985-01-19|348079814698|adults_2550_male_rural.json|2421e93fb8564117498845c27a0862b1|2025-02-03|10:31:15|1738596675|grocery_pos|107.77|0|fraud_Kuhic Inc|39.752780|-120.669163
196-77-8328|3514658404499723|Jeremy|Washington|M|867 Kane Square Apt. 963|Loyalton|CA|96118|39.663|-120.2297|1627|Paediatric nurse|1985-01-19|348079814698|adults_2550_male_rural.json|40f16ea2f4112fc19210a1478b4ff80d|2025-03-21|03:30:31|1742545831|shopping_net|77.08|0|fraud_Ankunding LLC|39.276601|-121.119595
196-77-8328|3514658404499723|Jeremy|Washington|M|867 Kane Square Apt. 963|Loyalton|CA|96118|39.663|-120.2297|1627|Paediatric nurse|1985-01-19|348079814698|adults_2550_male_rural.json|6bf6424eb82ac768d21c0002f2608044|2025-02-18|00:14:42|1739855682|misc_net|96.74|0|fraud_Hayes, Marquardt and Dibbert|39.946299|-120.806790
196-77-8328|3514658404499723|Jeremy|Washington|M|867 Kane Square Apt. 963|Loyalton|CA|96118|39.663|-120.2297|1627|Paediatric nurse|1985-01-19|348079814698|adults_2550_male_rural.json|39582e8ad1a635d7335c3f05074dab80|2025-01-28|10:24:27|1738077867|grocery_pos|90.90|0|fraud_Huel, Hammes and Witting|39.337145|-120.694944
196-77-8328|3514658404499723|Jeremy|Washington|M|867 Kane Square Apt. 963|Loyalton|CA|96118|39.663|-120.2297|1627|Paediatric nurse|1985-01-19|348079814698|adults_2550_male_rural.json|20de222865c5703bfd01ba52472ef0ec|2025-02-26|09:33:06|1740580386|misc_pos|117.59|0|fraud_Towne LLC|39.620195|-120.287886
196-77-8328|3514658404499723|Jeremy|Washington|M|867 Kane Square Apt. 963|Loyalton|CA|96118|39.663|-120.2297|1627|Paediatric nurse|1985-01-19|348079814698|adults_2550_male_rural.json|feec13d875b3245093f2e4c4a639a188|2025-03-02|09:49:46|1740926986|misc_pos|96.31|0|fraud_Dickinson Ltd|39.947918|-119.775809
196-77-8328|3514658404499723|Jeremy|Washington|M|867 Kane Square Apt. 963|Loyalton|CA|96118|39.663|-120.2297|1627|Paediatric nurse|1985-01-19|348079814698|adults_2550_male_rural.json|52404e0655c64c197da80ab1e9d84b01|2025-01-16|00:26:17|1737005177|grocery_net|89.32|0|fraud_Towne, Walker and Borer|40.376390|-121.054026
196-77-8328|3514658404499723|Jeremy|Washington|M|867 Kane Square Apt. 963|Loyalton|CA|96118|39.663|-120.2297|1627|Paediatric nurse|1985-01-19|348079814698|adults_2550_male_rural.json|95658ad573a9c592d6ab7ee71ebf2022|2025-01-19|04:59:07|1737280747|grocery_net|123.56|0|fraud_Runolfsson and Sons|40.072917|-119.654466
196-77-8328|3514658404499723|Jeremy|Washington|M|867 Kane Square Apt. 963|Loyalton|CA|96118|39.663|-120.2297|1627|Paediatric nurse|1985-01-19|348079814698|adults_2550_male_rural.json|f816b452c6f0c98a905cb4462cc426ae|2025-03-20|07:43:14|1742474594|shopping_net|109.66|0|fraud_Boyer PLC|40.467908|-120.720402
196-77-8328|3514658404499723|Jeremy|Washington|M|867 Kane Square Apt. 963|Loyalton|CA|96118|39.663|-120.2297|1627|Paediatric nurse|1985-01-19|348079814698|adults_2550_male_rural.json|2edc044c18686144c245e748913087f3|2025-02-13|05:47:24|1739443644|grocery_pos|105.85|0|fraud_Osinski, Ledner and Leuschke|38.816644|-119.284128
196-77-8328|3514658404499723|Jeremy|Washington|M|867 Kane Square Apt. 963|Loyalton|CA|96118|39.663|-120.2297|1627|Paediatric nurse|1985-01-19|348079814698|adults_2550_male_rural.json|ec77b2213933152dd8be85bf77a9a809|2025-03-05|08:22:32|1741180952|misc_pos|79.68|0|fraud_Torp-Lemke|39.749396|-121.097099
196-77-8328|3514658404499723|Jeremy|Washington|M|867 Kane Square Apt. 963|Loyalton|CA|96118|39.663|-120.2297|1627|Paediatric nurse|1985-01-19|348079814698|adults_2550_male_rural.json|a030dc938dd86007da50f0aa23284655|2025-03-06|05:08:56|1741255736|misc_pos|127.32|0|fraud_McDermott-Rice|38.785329|-120.033631
196-77-8328|3514658404499723|Jeremy|Washington|M|867 Kane Square Apt. 963|Loyalton|CA|96118|39.663|-120.2297|1627|Paediatric nurse|1985-01-19|348079814698|adults_2550_male_rural.json|270cc4622dc0ab2df388fbcd582e7d7e|2025-03-06|00:52:17|1741240337|misc_pos|126.96|0|fraud_Buckridge PLC|39.606613|-120.166386
196-77-8328|3514658404499723|Jeremy|Washington|M|867 Kane Square Apt. 963|Loyalton|CA|96118|39.663|-120.2297|1627|Paediatric nurse|1985-01-19|348079814698|adults_2550_male_rural.json|16d51e68ac13da0fa0b905d2201276b9|2025-03-30|09:49:11|1743346151|shopping_pos|131.39|0|fraud_Schuppe, Nolan and Hoeger|39.301989|-119.965519
196-77-8328|3514658404499723|Jeremy|Washington|M|867 Kane Square Apt. 963|Loyalton|CA|96118|39.663|-120.2297|1627|Paediatric nurse|1985-01-19|348079814698|adults_2550_male_rural.json|33071666437b27e1e7706fd7a55f73ea|2025-01-24|11:36:37|1737736597|grocery_pos|128.91|0|fraud_Kiehn Inc|40.510838|-120.812569
196-77-8328|3514658404499723|Jeremy|Washington|M|867 Kane Square Apt. 963|Loyalton|CA|96118|39.663|-120.2297|1627|Paediatric nurse|1985-01-19|348079814698|adults_2550_male_rural.json|d23f1102473a1524a6ee06b8140413c2|2025-01-22|09:16:56|1737555416|grocery_pos|141.68|0|fraud_Kiehn-Emmerich|40.363694|-119.904346
196-77-8328|3514658404499723|Jeremy|Washington|M|867 Kane Square Apt. 963|Loyalton|CA|96118|39.663|-120.2297|1627|Paediatric nurse|1985-01-19|348079814698|adults_2550_male_rural.json|bf4c5a04937ad39854754c79aac14f22|2025-03-22|11:42:39|1742661759|shopping_net|128.54|0|fraud_Kassulke PLC|39.354084|-119.655979
196-77-8328|3514658404499723|Jeremy|Washington|M|867 Kane Square Apt. 963|Loyalton|CA|96118|39.663|-120.2297|1627|Paediatric nurse|1985-01-19|348079814698|adults_2550_male_rural.json|055ce7753259bf2f431f25c7d3e5fbc1|2025-05-26|19:53:35|1748307215|home|135.76|0|fraud_Schmidt-Larkin|39.391899|-120.203398
196-77-8328|3514658404499723|Jeremy|Washington|M|867 Kane Square Apt. 963|Loyalton|CA|96118|39.663|-120.2297|1627|Paediatric nurse|1985-01-19|348079814698|adults_2550_male_rural.json|7e3ceb969687886525a9a41466267bd6|2025-04-11|21:55:35|1744426535|entertainment|125.06|0|fraud_Klein Group|38.775240|-120.459172
196-77-8328|3514658404499723|Jeremy|Washington|M|867 Kane Square Apt. 963|Loyalton|CA|96118|39.663|-120.2297|1627|Paediatric nurse|1985-01-19|348079814698|adults_2550_male_rural.json|ab1f8cd820670fcc53b3db551f6f36be|2025-05-07|18:30:55|1746660655|food_dining|71.36|0|fraud_McKenzie-Huels|40.323489|-119.584413
196-77-8328|3514658404499723|Jeremy|Washington|M|867 Kane Square Apt. 963|Loyalton|CA|96118|39.663|-120.2297|1627|Paediatric nurse|1985-01-19|348079814698|adults_2550_male_rural.json|4c3bbe5437a7b7fa42ac3bfe48f19a40|2025-05-01|14:08:27|1746126507|food_dining|74.63|0|fraud_O'Keefe-Wisoky|39.647205|-121.223371
196-77-8328|3514658404499723|Jeremy|Washington|M|867 Kane Square Apt. 963|Loyalton|CA|96118|39.663|-120.2297|1627|Paediatric nurse|1985-01-19|348079814698|adults_2550_male_rural.json|bade4d8370cd47330a693cf69b39be3f|2025-04-30|16:19:48|1746047988|food_dining|73.86|0|fraud_Deckow-Dare|39.960131|-119.304839
196-77-8328|3514658404499723|Jeremy|Washington|M|867 Kane Square Apt. 963|Loyalton|CA|96118|39.663|-120.2297|1627|Paediatric nurse|1985-01-19|348079814698|adults_2550_male_rural.json|e50f5c52cedcdefcc020f801559c6fb6|2025-06-08|14:29:48|1749410988|kids_pets|78.48|0|fraud_Ullrich Ltd|39.828693|-120.481586
196-77-8328|3514658404499723|Jeremy|Washington|M|867 Kane Square Apt. 963|Loyalton|CA|96118|39.663|-120.2297|1627|Paediatric nurse|1985-01-19|348079814698|adults_2550_male_rural.json|d56691fb33cceb835f573ca3390f7497|2025-04-27|15:58:38|1745787518|food_dining|80.61|0|fraud_Conroy-Emard|39.052614|-121.226911
196-77-8328|3514658404499723|Jeremy|Washington|M|867 Kane Square Apt. 963|Loyalton|CA|96118|39.663|-120.2297|1627|Paediatric nurse|1985-01-19|348079814698|adults_2550_male_rural.json|2e3604b24129fb5e9db8a73a2e9e300d|2025-04-20|16:00:23|1745182823|entertainment|77.40|0|fraud_Beier LLC|40.626614|-120.030061
196-77-8328|3514658404499723|Jeremy|Washington|M|867 Kane Square Apt. 963|Loyalton|CA|96118|39.663|-120.2297|1627|Paediatric nurse|1985-01-19|348079814698|adults_2550_male_rural.json|cbe6b3014a4d2e630fdfd05a12036cce|2025-06-10|15:48:04|1749588484|kids_pets|69.10|0|fraud_Hammes-Beatty|39.173919|-119.899461
196-77-8328|3514658404499723|Jeremy|Washington|M|867 Kane Square Apt. 963|Loyalton|CA|96118|39.663|-120.2297|1627|Paediatric nurse|1985-01-19|348079814698|adults_2550_male_rural.json|536ba9a898c208ead8d55625aa2799e1|2025-05-15|21:21:02|1747362062|health_fitness|69.21|0|fraud_Cormier LLC|38.696967|-120.871156
196-77-8328|3514658404499723|Jeremy|Washington|M|867 Kane Square Apt. 963|Loyalton|CA|96118|39.663|-120.2297|1627|Paediatric nurse|1985-01-19|348079814698|adults_2550_male_rural.json|d234db87d775bfecc5b08c26a1e55139|2025-04-25|13:28:04|1745605684|food_dining|58.96|0|fraud_Deckow-Dare|39.403255|-119.236777
196-77-8328|3514658404499723|Jeremy|Washington|M|867 Kane Square Apt. 963|Loyalton|CA|96118|39.663|-120.2297|1627|Paediatric nurse|1985-01-19|348079814698|adults_2550_male_rural.json|7c3695d38825b3e701363eb3d1a577a0|2025-05-27|13:51:08|1748371868|home|80.19|0|fraud_Pollich LLC|40.624043|-121.176418
196-77-8328|3514658404499723|Jeremy|Washington|M|867 Kane Square Apt. 963|Loyalton|CA|96118|39.663|-120.2297|1627|Paediatric nurse|1985-01-19|348079814698|adults_2550_male_rural.json|780f1b336721e27538365f73cb5f089b|2025-04-22|20:22:55|1745371375|entertainment|85.44|0|fraud_Nienow PLC|39.180604|-119.627095
196-77-8328|3514658404499723|Jeremy|Washington|M|867 Kane Square Apt. 963|Loyalton|CA|96118|39.663|-120.2297|1627|Paediatric nurse|1985-01-19|348079814698|adults_2550_male_rural.json|557fa0f22a733d861dfb136593c88847|2025-05-10|19:25:42|1746923142|health_fitness|67.47|0|fraud_Mante, Luettgen and Hackett|38.729959|-121.187940
196-77-8328|3514658404499723|Jeremy|Washington|M|867 Kane Square Apt. 963|Loyalton|CA|96118|39.663|-120.2297|1627|Paediatric nurse|1985-01-19|348079814698|adults_2550_male_rural.json|6ae21e8ee19c604f8f160dfffa634ae4|2025-04-17|18:31:01|1744932661|entertainment|75.44|0|fraud_Kling-Ernser|39.501541|-120.935502
196-77-8328|3514658404499723|Jeremy|Washington|M|867 Kane Square Apt. 963|Loyalton|CA|96118|39.663|-120.2297|1627|Paediatric nurse|1985-01-19|348079814698|adults_2550_male_rural.json|341e79cce2925c48ea759ac4338c6bad|2025-06-22|13:48:10|1750618090|personal_care|86.11|0|fraud_Prosacco LLC|38.882001|-120.433185
196-77-8328|3514658404499723|Jeremy|Washington|M|867 Kane Square Apt. 963|Loyalton|CA|96118|39.663|-120.2297|1627|Paediatric nurse|1985-01-19|348079814698|adults_2550_male_rural.json|a5c9ff2b6b141ba1ac6041896310056b|2025-04-27|20:21:04|1745803264|food_dining|67.05|0|fraud_Schneider, Hayes and Nikolaus|39.561579|-119.378718
196-77-8328|3514658404499723|Jeremy|Washington|M|867 Kane Square Apt. 963|Loyalton|CA|96118|39.663|-120.2297|1627|Paediatric nurse|1985-01-19|348079814698|adults_2550_male_rural.json|ad1a4e0da15eb9c010eb9435a94c1ef1|2025-05-03|16:48:25|1746308905|food_dining|52.19|0|fraud_Abernathy and Sons|39.315453|-120.074290
196-77-8328|3514658404499723|Jeremy|Washington|M|867 Kane Square Apt. 963|Loyalton|CA|96118|39.663|-120.2297|1627|Paediatric nurse|1985-01-19|348079814698|adults_2550_male_rural.json|f0daaff5058a526566d50acff216bb09|2025-06-01|19:08:36|1748822916|home|65.17|0|fraud_Champlin and Sons|39.676894|-120.751307
196-77-8328|3514658404499723|Jeremy|Washington|M|867 Kane Square Apt. 963|Loyalton|CA|96118|39.663|-120.2297|1627|Paediatric nurse|1985-01-19|348079814698|adults_2550_male_rural.json|5567f6a121cffdb2ebed8f3eb04b5c8a|2025-06-08|21:51:51|1749437511|kids_pets|51.80|0|fraud_Goyette-Gerhold|39.571589|-119.907287
196-77-8328|3514658404499723|Jeremy|Washington|M|867 Kane Square Apt. 963|Loyalton|CA|96118|39.663|-120.2297|1627|Paediatric nurse|1985-01-19|348079814698|adults_2550_male_rural.json|cec03acf3ef01fc3f375705870246ae4|2025-06-29|15:59:02|1751230742|travel|70.79|0|fraud_Reichert-Weissnat|39.715604|-120.675916
196-77-8328|3514658404499723|Jeremy|Washington|M|867 Kane Square Apt. 963|Loyalton|CA|96118|39.663|-120.2297|1627|Paediatric nurse|1985-01-19|348079814698|adults_2550_male_rural.json|31f1c461cc5f8f714eb31a4ee8a79f98|2025-06-07|14:22:31|1749324151|kids_pets|58.81|0|fraud_Romaguera, Wehner and Tromp|39.970776|-120.213868
196-77-8328|3514658404499723|Jeremy|Washington|M|867 Kane Square Apt. 963|Loyalton|CA|96118|39.663|-120.2297|1627|Paediatric nurse|1985-01-19|348079814698|adults_2550_male_rural.json|b90bbf23991f9064d707b413c9f91fa0|2025-05-02|19:31:08|1746232268|food_dining|62.75|0|fraud_Jakubowski Group|39.860532|-120.016597
196-77-8328|3514658404499723|Jeremy|Washington|M|867 Kane Square Apt. 963|Loyalton|CA|96118|39.663|-120.2297|1627|Paediatric nurse|1985-01-19|348079814698|adults_2550_male_rural.json|1f923341016b8eb6ad1a04948677765e|2025-05-30|22:33:59|1748662439|home|56.08|0|fraud_O'Connell-Ullrich|39.044737|-119.706555
196-77-8328|3514658404499723|Jeremy|Washington|M|867 Kane Square Apt. 963|Loyalton|CA|96118|39.663|-120.2297|1627|Paediatric nurse|1985-01-19|348079814698|adults_2550_male_rural.json|2bc29fc18b6e097321092426db573c40|2025-06-03|14:56:38|1748980598|home|59.56|0|fraud_Padberg-Sauer|38.684014|-119.497631
196-77-8328|3514658404499723|Jeremy|Washington|M|867 Kane Square Apt. 963|Loyalton|CA|96118|39.663|-120.2297|1627|Paediatric nurse|1985-01-19|348079814698|adults_2550_male_rural.json|8058517d595ebb78982f1aeb26fd8ba3|2025-05-01|23:06:26|1746158786|food_dining|54.08|0|fraud_Reinger, Weissnat and Strosin|39.966773|-120.899896
196-77-8328|3514658404499723|Jeremy|Washington|M|867 Kane Square Apt. 963|Loyalton|CA|96118|39.663|-120.2297|1627|Paediatric nurse|1985-01-19|348079814698|adults_2550_male_rural.json|10c44381e99f4dfbad254e8e238ca460|2025-04-20|15:47:34|1745182054|entertainment|64.64|0|fraud_Cummerata-Hilpert|39.202617|-120.201410
196-77-8328|3514658404499723|Jeremy|Washington|M|867 Kane Square Apt. 963|Loyalton|CA|96118|39.663|-120.2297|1627|Paediatric nurse|1985-01-19|348079814698|adults_2550_male_rural.json|031b9494f3acd190a15cc0584a211534|2025-04-27|16:19:07|1745788747|food_dining|61.08|0|fraud_Schulist Ltd|39.962759|-119.632506
196-77-8328|3514658404499723|Jeremy|Washington|M|867 Kane Square Apt. 963|Loyalton|CA|96118|39.663|-120.2297|1627|Paediatric nurse|1985-01-19|348079814698|adults_2550_male_rural.json|8c4b0b8964e7595b5eb8e080ce0b2237|2025-06-21|23:10:04|1750565404|personal_care|61.72|0|fraud_Leffler-Goldner|39.085691|-119.437754
196-77-8328|3514658404499723|Jeremy|Washington|M|867 Kane Square Apt. 963|Loyalton|CA|96118|39.663|-120.2297|1627|Paediatric nurse|1985-01-19|348079814698|adults_2550_male_rural.json|4bd1e3bd492b76009ff3b724e06f50ce|2025-05-28|15:38:03|1748464683|home|73.39|0|fraud_Botsford and Sons|39.484339|-119.300268
196-77-8328|3514658404499723|Jeremy|Washington|M|867 Kane Square Apt. 963|Loyalton|CA|96118|39.663|-120.2297|1627|Paediatric nurse|1985-01-19|348079814698|adults_2550_male_rural.json|b8f0a38fa25318f8a9f15e292d1ee8bc|2025-05-15|20:31:04|1747359064|health_fitness|60.02|0|fraud_Dietrich-Fadel|39.939099|-120.260883
196-77-8328|3514658404499723|Jeremy|Washington|M|867 Kane Square Apt. 963|Loyalton|CA|96118|39.663|-120.2297|1627|Paediatric nurse|1985-01-19|348079814698|adults_2550_male_rural.json|f7140345fb247e3e8ed5d8e88ff9ab92|2025-05-04|22:15:54|1746414954|food_dining|54.32|0|fraud_Langosh, Wintheiser and Hyatt|38.769807|-120.820180
196-77-8328|3514658404499723|Jeremy|Washington|M|867 Kane Square Apt. 963|Loyalton|CA|96118|39.663|-120.2297|1627|Paediatric nurse|1985-01-19|348079814698|adults_2550_male_rural.json|0eecbc5857bd8696e03fa96a43fa9d31|2025-06-16|22:05:00|1750129500|kids_pets|61.37|0|fraud_Bode-Schuster|39.398117|-120.956802
196-77-8328|3514658404499723|Jeremy|Washington|M|867 Kane Square Apt. 963|Loyalton|CA|96118|39.663|-120.2297|1627|Paediatric nurse|1985-01-19|348079814698|adults_2550_male_rural.json|c25597f70e413172b914ccb2fa6cde5b|2025-05-09|12:15:31|1746810931|health_fitness|52.49|0|fraud_Greenholt Ltd|39.353449|-119.341189
196-77-8328|3514658404499723|Jeremy|Washington|M|867 Kane Square Apt. 963|Loyalton|CA|96118|39.663|-120.2297|1627|Paediatric nurse|1985-01-19|348079814698|adults_2550_male_rural.json|93445c6dc08ee1130099258d085042cc|2025-05-22|20:24:02|1747963442|home|55.27|0|fraud_Kutch-Wilderman|39.104360|-120.282595
196-77-8328|3514658404499723|Jeremy|Washington|M|867 Kane Square Apt. 963|Loyalton|CA|96118|39.663|-120.2297|1627|Paediatric nurse|1985-01-19|348079814698|adults_2550_male_rural.json|8a4ce905393d97635e0591547fce2726|2025-05-25|22:50:22|1748231422|home|69.80|0|fraud_Windler, Goodwin and Kovacek|40.602298|-120.648572
196-77-8328|3514658404499723|Jeremy|Washington|M|867 Kane Square Apt. 963|Loyalton|CA|96118|39.663|-120.2297|1627|Paediatric nurse|1985-01-19|348079814698|adults_2550_male_rural.json|cf3761fd7369a29b5222658689a2e021|2025-06-11|14:41:26|1749670886|kids_pets|75.89|0|fraud_Cartwright PLC|38.937372|-120.538701
196-77-8328|3514658404499723|Jeremy|Washington|M|867 Kane Square Apt. 963|Loyalton|CA|96118|39.663|-120.2297|1627|Paediatric nurse|1985-01-19|348079814698|adults_2550_male_rural.json|1f112f175f55780f240dd70ded5a3fd2|2025-04-15|20:21:15|1744766475|entertainment|72.53|0|fraud_Cruickshank-Mills|40.504998|-120.683820
196-77-8328|3514658404499723|Jeremy|Washington|M|867 Kane Square Apt. 963|Loyalton|CA|96118|39.663|-120.2297|1627|Paediatric nurse|1985-01-19|348079814698|adults_2550_male_rural.json|82103d4329853bf03230cbcd7b57a7ae|2025-06-27|20:33:48|1751074428|travel|75.83|0|fraud_Larson, Quitzon and Spencer|39.715686|-120.892196
196-77-8328|3514658404499723|Jeremy|Washington|M|867 Kane Square Apt. 963|Loyalton|CA|96118|39.663|-120.2297|1627|Paediatric nurse|1985-01-19|348079814698|adults_2550_male_rural.json|a2cbc8b5cc0e4cdb522f45d7483e62cd|2025-06-09|12:55:01|1749491701|kids_pets|72.77|0|fraud_Barton LLC|39.110017|-120.436975
196-77-8328|3514658404499723|Jeremy|Washington|M|867 Kane Square Apt. 963|Loyalton|CA|96118|39.663|-120.2297|1627|Paediatric nurse|1985-01-19|348079814698|adults_2550_male_rural.json|eafc46bb8d707a048379e0d27f966849|2025-06-07|15:54:00|1749329640|kids_pets|76.58|0|fraud_Weber, Thiel and Hammes|40.465684|-119.763140
196-77-8328|3514658404499723|Jeremy|Washington|M|867 Kane Square Apt. 963|Loyalton|CA|96118|39.663|-120.2297|1627|Paediatric nurse|1985-01-19|348079814698|adults_2550_male_rural.json|99f16713f94d37e0166fff0d5a630928|2025-05-10|22:38:37|1746934717|health_fitness|75.64|0|fraud_Erdman-Durgan|39.943645|-120.455057
196-77-8328|3514658404499723|Jeremy|Washington|M|867 Kane Square Apt. 963|Loyalton|CA|96118|39.663|-120.2297|1627|Paediatric nurse|1985-01-19|348079814698|adults_2550_male_rural.json|d922c15f7c4a5d9ec53bb0e8da5cf5a1|2025-05-23|14:40:46|1748029246|home|77.62|0|fraud_Wuckert-Goldner|39.017852|-121.047495
196-77-8328|3514658404499723|Jeremy|Washington|M|867 Kane Square Apt. 963|Loyalton|CA|96118|39.663|-120.2297|1627|Paediatric nurse|1985-01-19|348079814698|adults_2550_male_rural.json|5b0f4a16fd77d5ab2d465bc7770ba41e|2025-06-29|19:28:28|1751243308|travel|77.30|0|fraud_Satterfield-Lowe|39.351397|-120.311336
196-77-8328|3514658404499723|Jeremy|Washington|M|867 Kane Square Apt. 963|Loyalton|CA|96118|39.663|-120.2297|1627|Paediatric nurse|1985-01-19|348079814698|adults_2550_male_rural.json|60a797c0ebdc7117cee480c41c4b7c56|2025-04-20|17:57:29|1745189849|entertainment|74.09|0|fraud_Brown-Greenholt|39.151940|-121.049778
196-77-8328|3514658404499723|Jeremy|Washington|M|867 Kane Square Apt. 963|Loyalton|CA|96118|39.663|-120.2297|1627|Paediatric nurse|1985-01-19|348079814698|adults_2550_male_rural.json|85feddcb65e7fa32cd1554382bbaafc4|2025-05-04|18:53:00|1746402780|food_dining|77.09|0|fraud_Schumm, McLaughlin and Carter|38.788551|-120.708194
196-77-8328|3514658404499723|Jeremy|Washington|M|867 Kane Square Apt. 963|Loyalton|CA|96118|39.663|-120.2297|1627|Paediatric nurse|1985-01-19|348079814698|adults_2550_male_rural.json|d53cf4a562b806b4c2206aa12e739906|2025-05-19|22:53:15|1747713195|health_fitness|73.23|0|fraud_Mante, Luettgen and Hackett|39.542713|-119.925268
196-77-8328|3514658404499723|Jeremy|Washington|M|867 Kane Square Apt. 963|Loyalton|CA|96118|39.663|-120.2297|1627|Paediatric nurse|1985-01-19|348079814698|adults_2550_male_rural.json|aa37f007db370df1f217bf758be6bcba|2025-05-11|22:02:32|1747018952|health_fitness|76.83|0|fraud_Carroll PLC|39.656093|-120.186020
196-77-8328|3514658404499723|Jeremy|Washington|M|867 Kane Square Apt. 963|Loyalton|CA|96118|39.663|-120.2297|1627|Paediatric nurse|1985-01-19|348079814698|adults_2550_male_rural.json|f606e0544a378d2d0c0c68fd51b7b325|2025-05-22|23:32:48|1747974768|home|77.60|0|fraud_Schiller, Blanda and Johnson|39.182206|-119.265314
196-77-8328|3514658404499723|Jeremy|Washington|M|867 Kane Square Apt. 963|Loyalton|CA|96118|39.663|-120.2297|1627|Paediatric nurse|1985-01-19|348079814698|adults_2550_male_rural.json|aad325c4d701b130656af034c384d457|2025-06-16|19:53:27|1750121607|kids_pets|76.80|0|fraud_Hauck, Dietrich and Funk|39.372238|-119.673068
196-77-8328|3514658404499723|Jeremy|Washington|M|867 Kane Square Apt. 963|Loyalton|CA|96118|39.663|-120.2297|1627|Paediatric nurse|1985-01-19|348079814698|adults_2550_male_rural.json|cb6537bbd590c5e8b6a6f811b57eec94|2025-04-13|14:26:26|1744572386|entertainment|77.59|0|fraud_Wilkinson Ltd|40.372552|-120.160198
196-77-8328|3514658404499723|Jeremy|Washington|M|867 Kane Square Apt. 963|Loyalton|CA|96118|39.663|-120.2297|1627|Paediatric nurse|1985-01-19|348079814698|adults_2550_male_rural.json|ddcf2d1a60e0b0f68400e075a6c2490f|2025-06-06|23:22:39|1749270159|home|93.79|0|fraud_O'Connell-Ullrich|40.607183|-120.017627
196-77-8328|3514658404499723|Jeremy|Washington|M|867 Kane Square Apt. 963|Loyalton|CA|96118|39.663|-120.2297|1627|Paediatric nurse|1985-01-19|348079814698|adults_2550_male_rural.json|29440e78a55521490b1a582a60c7b73a|2025-06-07|17:24:45|1749335085|home|76.52|0|fraud_Skiles LLC|39.276547|-120.624133
196-77-8328|3514658404499723|Jeremy|Washington|M|867 Kane Square Apt. 963|Loyalton|CA|96118|39.663|-120.2297|1627|Paediatric nurse|1985-01-19|348079814698|adults_2550_male_rural.json|f07fea63e395c0b20cd6cdfc77b5bbba|2025-04-30|13:40:59|1746038459|food_dining|85.24|0|fraud_Kuhn Group|39.755246|-120.230603
196-77-8328|3514658404499723|Jeremy|Washington|M|867 Kane Square Apt. 963|Loyalton|CA|96118|39.663|-120.2297|1627|Paediatric nurse|1985-01-19|348079814698|adults_2550_male_rural.json|6738285bb44fa1d9c7e213edb5299196|2025-06-20|22:17:07|1750475827|kids_pets|79.65|0|fraud_Schoen-Quigley|39.623626|-120.591124
196-77-8328|3514658404499723|Jeremy|Washington|M|867 Kane Square Apt. 963|Loyalton|CA|96118|39.663|-120.2297|1627|Paediatric nurse|1985-01-19|348079814698|adults_2550_male_rural.json|8afd04cb1cac382c9fcba995afec03ec|2025-04-15|13:13:58|1744740838|entertainment|63.17|0|fraud_Grimes LLC|39.247986|-120.225976
196-77-8328|3514658404499723|Jeremy|Washington|M|867 Kane Square Apt. 963|Loyalton|CA|96118|39.663|-120.2297|1627|Paediatric nurse|1985-01-19|348079814698|adults_2550_male_rural.json|5e807975ecec309b1aa59cb63bc3ce74|2025-05-16|14:18:15|1747423095|health_fitness|79.28|0|fraud_Hamill-D'Amore|40.549253|-120.714851
196-77-8328|3514658404499723|Jeremy|Washington|M|867 Kane Square Apt. 963|Loyalton|CA|96118|39.663|-120.2297|1627|Paediatric nurse|1985-01-19|348079814698|adults_2550_male_rural.json|bc23303600f5458bc291e86149d67b66|2025-05-25|14:51:43|1748202703|home|82.99|0|fraud_Reilly LLC|39.403485|-120.140842
196-77-8328|3514658404499723|Jeremy|Washington|M|867 Kane Square Apt. 963|Loyalton|CA|96118|39.663|-120.2297|1627|Paediatric nurse|1985-01-19|348079814698|adults_2550_male_rural.json|02bb666708fece7e9f8e8a41abd213fc|2025-06-02|16:19:01|1748899141|home|69.99|0|fraud_Gutmann, McLaughlin and Wiza|40.296603|-121.177167
196-77-8328|3514658404499723|Jeremy|Washington|M|867 Kane Square Apt. 963|Loyalton|CA|96118|39.663|-120.2297|1627|Paediatric nurse|1985-01-19|348079814698|adults_2550_male_rural.json|364d4881e271187ef33143f5b41c0258|2025-06-25|23:35:03|1750912503|personal_care|87.65|0|fraud_Kautzer and Sons|38.913378|-119.935277
196-77-8328|3514658404499723|Jeremy|Washington|M|867 Kane Square Apt. 963|Loyalton|CA|96118|39.663|-120.2297|1627|Paediatric nurse|1985-01-19|348079814698|adults_2550_male_rural.json|4720cca5cf1e87c64a6c56b4087cae84|2025-05-15|13:16:41|1747333001|health_fitness|76.07|0|fraud_Adams-Barrows|39.618198|-120.400147
196-77-8328|3514658404499723|Jeremy|Washington|M|867 Kane Square Apt. 963|Loyalton|CA|96118|39.663|-120.2297|1627|Paediatric nurse|1985-01-19|348079814698|adults_2550_male_rural.json|e2a5f856285115ad8c3fa1d05b55f438|2025-06-17|21:40:38|1750214438|kids_pets|95.34|0|fraud_Lowe, Dietrich and Erdman|39.104657|-120.270251
196-77-8328|3514658404499723|Jeremy|Washington|M|867 Kane Square Apt. 963|Loyalton|CA|96118|39.663|-120.2297|1627|Paediatric nurse|1985-01-19|348079814698|adults_2550_male_rural.json|61c2f4e3c5606c90ce2892238814667f|2025-06-29|21:16:25|1751249785|travel|72.79|0|fraud_Thiel Ltd|40.478682|-121.213224
196-77-8328|3514658404499723|Jeremy|Washington|M|867 Kane Square Apt. 963|Loyalton|CA|96118|39.663|-120.2297|1627|Paediatric nurse|1985-01-19|348079814698|adults_2550_male_rural.json|12c50d36be855b66e1676cd5d70ab0a0|2025-06-08|19:55:16|1749430516|kids_pets|83.36|0|fraud_Pouros, Walker and Spencer|39.566295|-120.784907
196-77-8328|3514658404499723|Jeremy|Washington|M|867 Kane Square Apt. 963|Loyalton|CA|96118|39.663|-120.2297|1627|Paediatric nurse|1985-01-19|348079814698|adults_2550_male_rural.json|842b5d4461069245dd299006cfcdf139|2025-05-23|23:53:30|1748062410|home|65.66|0|fraud_Moore, Williamson and Emmerich|38.922759|-120.788766
196-77-8328|3514658404499723|Jeremy|Washington|M|867 Kane Square Apt. 963|Loyalton|CA|96118|39.663|-120.2297|1627|Paediatric nurse|1985-01-19|348079814698|adults_2550_male_rural.json|1dc211a02237d4a177767de48cc4d66b|2025-04-05|13:46:58|1743878818|shopping_pos|82.44|0|fraud_Hermann and Sons|38.886474|-119.852862
196-77-8328|3514658404499723|Jeremy|Washington|M|867 Kane Square Apt. 963|Loyalton|CA|96118|39.663|-120.2297|1627|Paediatric nurse|1985-01-19|348079814698|adults_2550_male_rural.json|7c64e1bafe65dc992a362c62ec093864|2025-04-24|19:35:46|1745541346|food_dining|92.14|0|fraud_McKenzie-Huels|39.759858|-120.677650
196-77-8328|3514658404499723|Jeremy|Washington|M|867 Kane Square Apt. 963|Loyalton|CA|96118|39.663|-120.2297|1627|Paediatric nurse|1985-01-19|348079814698|adults_2550_male_rural.json|7e3842d6291083e6cd13020aec681923|2025-06-07|18:56:56|1749340616|home|77.22|0|fraud_Beier and Sons|39.012271|-119.239997
196-77-8328|3514658404499723|Jeremy|Washington|M|867 Kane Square Apt. 963|Loyalton|CA|96118|39.663|-120.2297|1627|Paediatric nurse|1985-01-19|348079814698|adults_2550_male_rural.json|b0b301fafb15cf68ac3a2730fb3c4e91|2025-04-13|19:34:05|1744590845|entertainment|77.00|0|fraud_Frami Group|40.055545|-120.540213
196-77-8328|3514658404499723|Jeremy|Washington|M|867 Kane Square Apt. 963|Loyalton|CA|96118|39.663|-120.2297|1627|Paediatric nurse|1985-01-19|348079814698|adults_2550_male_rural.json|8146c77ff8285e92d96be0136d6e8f85|2025-06-12|22:45:25|1749786325|kids_pets|87.06|0|fraud_Waelchi-Wolf|40.102613|-119.330968
196-77-8328|3514658404499723|Jeremy|Washington|M|867 Kane Square Apt. 963|Loyalton|CA|96118|39.663|-120.2297|1627|Paediatric nurse|1985-01-19|348079814698|adults_2550_male_rural.json|840f64e8ebae8ff82bd115982d283b36|2025-04-27|13:10:34|1745777434|food_dining|77.82|0|fraud_Kilback LLC|38.944983|-120.042048
196-77-8328|3514658404499723|Jeremy|Washington|M|867 Kane Square Apt. 963|Loyalton|CA|96118|39.663|-120.2297|1627|Paediatric nurse|1985-01-19|348079814698|adults_2550_male_rural.json|46969e9fa48f95fb480ab282eee44a60|2025-05-17|17:28:03|1747520883|health_fitness|56.90|0|fraud_Swaniawski, Nitzsche and Welch|40.058937|-121.146848
196-77-8328|3514658404499723|Jeremy|Washington|M|867 Kane Square Apt. 963|Loyalton|CA|96118|39.663|-120.2297|1627|Paediatric nurse|1985-01-19|348079814698|adults_2550_male_rural.json|c851ec523f788351b31a2ffc7e88cdc2|2025-06-20|17:18:32|1750457912|kids_pets|74.19|0|fraud_Beer-Jast|39.343290|-120.992868
196-77-8328|3514658404499723|Jeremy|Washington|M|867 Kane Square Apt. 963|Loyalton|CA|96118|39.663|-120.2297|1627|Paediatric nurse|1985-01-19|348079814698|adults_2550_male_rural.json|61237a21600bbf0914b265f18f28804f|2025-06-05|12:03:18|1749142998|home|75.23|0|fraud_Durgan, Gislason and Spencer|39.456499|-120.110842
196-77-8328|3514658404499723|Jeremy|Washington|M|867 Kane Square Apt. 963|Loyalton|CA|96118|39.663|-120.2297|1627|Paediatric nurse|1985-01-19|348079814698|adults_2550_male_rural.json|41d2e0de540de8951b3aa56cd7aebc6c|2025-05-18|13:54:16|1747594456|health_fitness|80.58|0|fraud_Brown, Homenick and Lesch|38.689113|-120.610932
196-77-8328|3514658404499723|Jeremy|Washington|M|867 Kane Square Apt. 963|Loyalton|CA|96118|39.663|-120.2297|1627|Paediatric nurse|1985-01-19|348079814698|adults_2550_male_rural.json|eee512e9c2cca4b2d80b981486136759|2025-05-30|22:48:49|1748663329|home|74.33|0|fraud_Durgan, Gislason and Spencer|39.505685|-120.380974
196-77-8328|3514658404499723|Jeremy|Washington|M|867 Kane Square Apt. 963|Loyalton|CA|96118|39.663|-120.2297|1627|Paediatric nurse|1985-01-19|348079814698|adults_2550_male_rural.json|421970ad6986e9ac11ba1f0a48759b4f|2025-04-25|16:01:54|1745614914|food_dining|89.41|0|fraud_Bahringer, Osinski and Block|40.299837|-119.775332
196-77-8328|3514658404499723|Jeremy|Washington|M|867 Kane Square Apt. 963|Loyalton|CA|96118|39.663|-120.2297|1627|Paediatric nurse|1985-01-19|348079814698|adults_2550_male_rural.json|18fda73913c2b1bba127d3594dcfc421|2025-04-15|16:31:30|1744752690|entertainment|88.48|0|fraud_Morissette LLC|39.471631|-120.820176
196-77-8328|3514658404499723|Jeremy|Washington|M|867 Kane Square Apt. 963|Loyalton|CA|96118|39.663|-120.2297|1627|Paediatric nurse|1985-01-19|348079814698|adults_2550_male_rural.json|c6aa266fe9555b1d84baf8bd6194cc80|2025-04-16|17:49:10|1744843750|entertainment|84.99|0|fraud_Dibbert and Sons|40.096525|-119.520155
196-77-8328|3514658404499723|Jeremy|Washington|M|867 Kane Square Apt. 963|Loyalton|CA|96118|39.663|-120.2297|1627|Paediatric nurse|1985-01-19|348079814698|adults_2550_male_rural.json|cecbdaf92ed4384a0e17a41e74411b38|2025-05-20|15:01:44|1747771304|health_fitness|51.02|0|fraud_Ratke and Sons|39.333975|-119.975467
196-77-8328|3514658404499723|Jeremy|Washington|M|867 Kane Square Apt. 963|Loyalton|CA|96118|39.663|-120.2297|1627|Paediatric nurse|1985-01-19|348079814698|adults_2550_male_rural.json|b9a95f8762c41f377b4e57ab3627a804|2025-06-07|18:22:05|1749338525|home|63.18|0|fraud_McDermott, Osinski and Morar|40.203456|-120.676031
196-77-8328|3514658404499723|Jeremy|Washington|M|867 Kane Square Apt. 963|Loyalton|CA|96118|39.663|-120.2297|1627|Paediatric nurse|1985-01-19|348079814698|adults_2550_male_rural.json|84c605a44f64ba6eec03773620f236a0|2025-06-25|16:02:20|1750885340|personal_care|42.60|0|fraud_Gottlieb-Hansen|39.225653|-119.371349
196-77-8328|3514658404499723|Jeremy|Washington|M|867 Kane Square Apt. 963|Loyalton|CA|96118|39.663|-120.2297|1627|Paediatric nurse|1985-01-19|348079814698|adults_2550_male_rural.json|542c8d8dbbe2eeb61df1768cae76676b|2025-06-03|21:03:30|1749002610|home|52.39|0|fraud_Jakubowski Inc|38.695754|-120.808074
196-77-8328|3514658404499723|Jeremy|Washington|M|867 Kane Square Apt. 963|Loyalton|CA|96118|39.663|-120.2297|1627|Paediatric nurse|1985-01-19|348079814698|adults_2550_male_rural.json|847a93f9eca3b7ff35c1a21f5a2304bd|2025-04-28|13:42:22|1745865742|food_dining|53.55|0|fraud_Lakin, Ferry and Beatty|40.542382|-120.743306
196-77-8328|3514658404499723|Jeremy|Washington|M|867 Kane Square Apt. 963|Loyalton|CA|96118|39.663|-120.2297|1627|Paediatric nurse|1985-01-19|348079814698|adults_2550_male_rural.json|03b9d6efbb53b12ac877b21d86291be9|2025-05-30|12:26:35|1748625995|home|46.39|0|fraud_McDermott, Osinski and Morar|39.517161|-120.083802
196-77-8328|3514658404499723|Jeremy|Washington|M|867 Kane Square Apt. 963|Loyalton|CA|96118|39.663|-120.2297|1627|Paediatric nurse|1985-01-19|348079814698|adults_2550_male_rural.json|d6df7784f2cf6d3d5cf4e8f4f7d418ec|2025-04-06|14:38:39|1743968319|shopping_pos|47.42|0|fraud_Bahringer, Schoen and Corkery|39.043551|-120.201092
196-77-8328|3514658404499723|Jeremy|Washington|M|867 Kane Square Apt. 963|Loyalton|CA|96118|39.663|-120.2297|1627|Paediatric nurse|1985-01-19|348079814698|adults_2550_male_rural.json|7321c9b8f6dd3f69663c4983d4b76815|2025-06-07|14:16:34|1749323794|home|45.37|0|fraud_Crist, Jakubowski and Littel|39.787563|-121.208713
196-77-8328|3514658404499723|Jeremy|Washington|M|867 Kane Square Apt. 963|Loyalton|CA|96118|39.663|-120.2297|1627|Paediatric nurse|1985-01-19|348079814698|adults_2550_male_rural.json|584e43bff805a31a01fe4bffd3d56748|2025-05-24|14:29:48|1748114988|home|49.63|0|fraud_Kutch-Ferry|40.554522|-120.015712
196-77-8328|3514658404499723|Jeremy|Washington|M|867 Kane Square Apt. 963|Loyalton|CA|96118|39.663|-120.2297|1627|Paediatric nurse|1985-01-19|348079814698|adults_2550_male_rural.json|684afa181730e294953053d90da868e8|2025-05-10|13:40:31|1746902431|health_fitness|53.81|0|fraud_Kertzmann LLC|39.233193|-119.279293
196-77-8328|3514658404499723|Jeremy|Washington|M|867 Kane Square Apt. 963|Loyalton|CA|96118|39.663|-120.2297|1627|Paediatric nurse|1985-01-19|348079814698|adults_2550_male_rural.json|fc93da6eed0d95f4f650c40ec91516fc|2025-06-24|14:39:19|1750793959|personal_care|47.54|0|fraud_Walter, Hettinger and Kessler|39.245395|-119.819795
196-77-8328|3514658404499723|Jeremy|Washington|M|867 Kane Square Apt. 963|Loyalton|CA|96118|39.663|-120.2297|1627|Paediatric nurse|1985-01-19|348079814698|adults_2550_male_rural.json|dcd9cbc6b42571ec2240f3daf48d02fc|2025-06-08|22:20:30|1749439230|kids_pets|53.62|0|fraud_Fahey Inc|39.026272|-119.630999
196-77-8328|3514658404499723|Jeremy|Washington|M|867 Kane Square Apt. 963|Loyalton|CA|96118|39.663|-120.2297|1627|Paediatric nurse|1985-01-19|348079814698|adults_2550_male_rural.json|d4f0442ae0bdc51dd140a70081a577e0|2025-05-09|18:34:41|1746833681|health_fitness|48.17|0|fraud_Schroeder Group|39.115630|-119.743441
196-77-8328|3514658404499723|Jeremy|Washington|M|867 Kane Square Apt. 963|Loyalton|CA|96118|39.663|-120.2297|1627|Paediatric nurse|1985-01-19|348079814698|adults_2550_male_rural.json|de6e0973f5b8a024c9b0a2743cf2af66|2025-06-11|19:09:46|1749686986|kids_pets|46.87|0|fraud_Waelchi Inc|39.319742|-120.867793
196-77-8328|3514658404499723|Jeremy|Washington|M|867 Kane Square Apt. 963|Loyalton|CA|96118|39.663|-120.2297|1627|Paediatric nurse|1985-01-19|348079814698|adults_2550_male_rural.json|dc42354bb9effb5267de7ed303a9dc4a|2025-05-22|16:45:07|1747950307|home|50.85|0|fraud_Gaylord-Powlowski|39.804928|-121.171906
196-77-8328|3514658404499723|Jeremy|Washington|M|867 Kane Square Apt. 963|Loyalton|CA|96118|39.663|-120.2297|1627|Paediatric nurse|1985-01-19|348079814698|adults_2550_male_rural.json|15f9d114f97da5e9b64c94106dfde752|2025-04-28|22:56:20|1745898980|food_dining|49.41|0|fraud_Turner, Ziemann and Lehner|39.093380|-120.383660
196-77-8328|3514658404499723|Jeremy|Washington|M|867 Kane Square Apt. 963|Loyalton|CA|96118|39.663|-120.2297|1627|Paediatric nurse|1985-01-19|348079814698|adults_2550_male_rural.json|f500f295cd6db31c20354cf0a3655647|2025-06-05|22:18:20|1749179900|home|50.18|0|fraud_Gulgowski LLC|39.388142|-121.000365
196-77-8328|3514658404499723|Jeremy|Washington|M|867 Kane Square Apt. 963|Loyalton|CA|96118|39.663|-120.2297|1627|Paediatric nurse|1985-01-19|348079814698|adults_2550_male_rural.json|688e268463495f9964c12dcb266db6e0|2025-06-06|20:13:41|1749258821|home|52.10|0|fraud_McDermott, Osinski and Morar|39.409805|-119.987276
196-77-8328|3514658404499723|Jeremy|Washington|M|867 Kane Square Apt. 963|Loyalton|CA|96118|39.663|-120.2297|1627|Paediatric nurse|1985-01-19|348079814698|adults_2550_male_rural.json|f9cdeda98343679b8e95bca90514000c|2025-06-18|12:57:23|1750269443|kids_pets|52.14|0|fraud_Bednar PLC|39.318977|-119.342784
196-77-8328|3514658404499723|Jeremy|Washington|M|867 Kane Square Apt. 963|Loyalton|CA|96118|39.663|-120.2297|1627|Paediatric nurse|1985-01-19|348079814698|adults_2550_male_rural.json|6f546699efaf0c0eb984bf76d3cfdef8|2025-06-26|15:05:33|1750968333|travel|86.41|0|fraud_Hahn, Douglas and Schowalter|39.755096|-119.898608
196-77-8328|3514658404499723|Jeremy|Washington|M|867 Kane Square Apt. 963|Loyalton|CA|96118|39.663|-120.2297|1627|Paediatric nurse|1985-01-19|348079814698|adults_2550_male_rural.json|01c4e790ee496e998bd4088e0d8efcdd|2025-06-22|16:38:47|1750628327|personal_care|74.01|0|fraud_Parker-Kunde|39.087047|-120.743901
196-77-8328|3514658404499723|Jeremy|Washington|M|867 Kane Square Apt. 963|Loyalton|CA|96118|39.663|-120.2297|1627|Paediatric nurse|1985-01-19|348079814698|adults_2550_male_rural.json|3b9e6d16f4e0c43b8783ee4ae90e6559|2025-04-25|20:53:55|1745632435|food_dining|79.13|0|fraud_Weber and Sons|39.118179|-120.353330
196-77-8328|3514658404499723|Jeremy|Washington|M|867 Kane Square Apt. 963|Loyalton|CA|96118|39.663|-120.2297|1627|Paediatric nurse|1985-01-19|348079814698|adults_2550_male_rural.json|f56383d7fc688a8e8ec4d3e60382f4d0|2025-05-16|18:11:09|1747437069|health_fitness|74.07|0|fraud_Fadel Inc|39.649044|-120.842148
196-77-8328|3514658404499723|Jeremy|Washington|M|867 Kane Square Apt. 963|Loyalton|CA|96118|39.663|-120.2297|1627|Paediatric nurse|1985-01-19|348079814698|adults_2550_male_rural.json|4566c99e57e9fd73fc8799fd170a7ed1|2025-06-07|23:19:08|1749356348|home|68.69|0|fraud_Berge-Ullrich|38.879965|-119.458712
196-77-8328|3514658404499723|Jeremy|Washington|M|867 Kane Square Apt. 963|Loyalton|CA|96118|39.663|-120.2297|1627|Paediatric nurse|1985-01-19|348079814698|adults_2550_male_rural.json|760ac1afa5cca83a00893d170579555a|2025-06-20|18:26:46|1750462006|personal_care|74.17|0|fraud_Auer LLC|40.159998|-120.071856
196-77-8328|3514658404499723|Jeremy|Washington|M|867 Kane Square Apt. 963|Loyalton|CA|96118|39.663|-120.2297|1627|Paediatric nurse|1985-01-19|348079814698|adults_2550_male_rural.json|60132c9a44756152c3713d545f598554|2025-06-25|15:30:08|1750883408|personal_care|73.79|0|fraud_Prosacco LLC|39.791691|-120.344983
196-77-8328|3514658404499723|Jeremy|Washington|M|867 Kane Square Apt. 963|Loyalton|CA|96118|39.663|-120.2297|1627|Paediatric nurse|1985-01-19|348079814698|adults_2550_male_rural.json|e4c3c3fbaa221cc92afcd56c0dbddc74|2025-04-22|19:41:31|1745368891|entertainment|75.69|0|fraud_Dare-Marvin|40.559914|-119.673360
196-77-8328|3514658404499723|Jeremy|Washington|M|867 Kane Square Apt. 963|Loyalton|CA|96118|39.663|-120.2297|1627|Paediatric nurse|1985-01-19|348079814698|adults_2550_male_rural.json|b810db9c30016441e74344689ead860d|2025-05-18|18:49:07|1747612147|health_fitness|78.07|0|fraud_Kulas Group|39.666837|-119.976496
196-77-8328|3514658404499723|Jeremy|Washington|M|867 Kane Square Apt. 963|Loyalton|CA|96118|39.663|-120.2297|1627|Paediatric nurse|1985-01-19|348079814698|adults_2550_male_rural.json|261aba1f51c4eece6877452084eea5e0|2025-04-12|14:58:26|1744487906|entertainment|475.90|0|fraud_Gibson-Deckow|40.405213|-120.189306
196-77-8328|3514658404499723|Jeremy|Washington|M|867 Kane Square Apt. 963|Loyalton|CA|96118|39.663|-120.2297|1627|Paediatric nurse|1985-01-19|348079814698|adults_2550_male_rural.json|d8413235bb1df55868221d7832a4714e|2025-06-03|23:00:46|1749009646|home|515.33|0|fraud_Gaylord-Powlowski|40.124187|-119.708863
196-77-8328|3514658404499723|Jeremy|Washington|M|867 Kane Square Apt. 963|Loyalton|CA|96118|39.663|-120.2297|1627|Paediatric nurse|1985-01-19|348079814698|adults_2550_male_rural.json|9eba1f168bdf8f15a09ea8afacf2be50|2025-04-26|22:31:23|1745724683|food_dining|497.14|0|fraud_Deckow-Dare|40.217628|-119.339085
196-77-8328|3514658404499723|Jeremy|Washington|M|867 Kane Square Apt. 963|Loyalton|CA|96118|39.663|-120.2297|1627|Paediatric nurse|1985-01-19|348079814698|adults_2550_male_rural.json|8f6a4670809602c8d3eb9113c35c1442|2025-06-23|19:40:03|1750725603|personal_care|458.36|0|fraud_Berge, Kautzer and Harris|39.900731|-120.339564
196-77-8328|3514658404499723|Jeremy|Washington|M|867 Kane Square Apt. 963|Loyalton|CA|96118|39.663|-120.2297|1627|Paediatric nurse|1985-01-19|348079814698|adults_2550_male_rural.json|14bc4d5d9ed5c6c312b046003a888c55|2025-06-17|14:42:25|1750189345|kids_pets|488.66|0|fraud_Fahey Inc|39.696330|-120.497673
