pos,label,n,AUPRC,F1,Recall,Specificity,Precision,G-Mean,infer_ms_per_tx,infer_ms_avg
1,2025-W18,17279,0.9951487487725202,0.9607498535442296,0.9647058823529412,0.9977478848377869,0.9568261376896149,0.9810877909790836,1.4914518687874079,8.631586716751015e-05
2,2025-W19,20038,0.9964743680613224,0.9407153356197943,0.9896907216494846,0.9941787287602265,0.896358543417367,0.991932186953965,1.0948020499199629,5.463629353827542e-05
3,2025-W20,20160,0.997000793752832,0.9654471544715447,0.9783728115345005,0.9975506800771275,0.9528585757271816,0.9879152106912882,1.6230131732299924,8.050660581497978e-05
4,2025-W21,20197,0.9969261121055177,0.9623304871923657,0.9896694214876033,0.9966196890113891,0.9364613880742912,0.9931384752727369,1.478387974202633,7.319839452406955e-05
5,2025-W22,20225,0.9976694015299811,0.9506641366223909,0.9950347567030785,0.9948485794567593,0.9100817438692098,0.9949416637251451,1.721017062664032,8.509355068796203e-05
6,2025-W23,20123,0.9970785066493161,0.937984496124031,0.9979381443298969,0.9934213961259333,0.8848263254113345,0.9956772090328919,2.000266104005277,9.940198300478443e-05
7,2025-W24,19898,0.9981128923621414,0.9133556725706079,1.0,0.9904455236486487,0.8405286343612335,0.9952112959812347,1.9499121699482203,9.799538496071063e-05
8,2025-W25,20132,0.998160784125601,0.9528585757271816,1.0,0.9950995725159003,0.9099616858237548,0.997546777106668,1.5722049865871668,7.809482349429598e-05
9,2025-W26,19947,0.8970513641633503,0.890020366598778,0.9954441913439636,0.9888824794168546,0.8047882136279927,0.9921579108475246,1.2802130077034235,6.41807293178635e-05
10,2025-W27,20063,0.6482010907962786,0.6459948320413437,0.5364806866952789,0.9985375693393848,0.8116883116883117,0.7319126456690223,1.2918440625071526,6.438937658910197e-05
11,2025-W28,20002,0.833359952000629,0.7655719139297849,0.6305970149253731,0.9995376553991575,0.9740634005763689,0.7939177928477325,1.4280310133472085,7.139441122623781e-05
12,2025-W29,20267,0.8876069253523255,0.8527131782945736,0.7839912280701754,0.9974166881942651,0.934640522875817,0.8842883773267118,1.0877879103645682,5.367286279985041e-05
13,2025-W30,19810,0.922236066728773,0.8987494957644211,0.8490853658536586,0.9971348253865283,0.9545844044558698,0.9201372658569722,1.127624069340527,5.6921962107043264e-05
14,2025-W31,20260,0.8961409236305911,0.8407079646017699,0.7350096711798839,0.9996454439548195,0.9819121447028424,0.8571750515838062,1.0834719287231565,5.347837752829005e-05
15,2025-W32,20079,0.8720575839876686,0.8443935926773455,0.7424547283702213,0.9995914615463181,0.9787798408488063,0.8614820990964143,1.1199209839105606,5.5775735042111684e-05
16,2025-W33,19787,0.9021353075912123,0.8942245295262816,0.8361650485436893,0.9985234403839055,0.9609483960948396,0.9137452604531637,1.099372049793601,5.556031989657861e-05
17,2025-W34,20194,0.9051370444248331,0.8863322595490106,0.8085642317380353,0.99900015786981,0.9806517311608961,0.8987523547419383,1.0982799576595426,5.4386449324529194e-05
18,2025-W35,20014,0.8682746146001568,0.8800398208063713,0.8269410664172123,0.9970440749538136,0.9404255319148936,0.9080180012572822,1.3033469440415502,6.512176196869943e-05
19,2025-W36,20052,0.5120632279352666,0.5973154362416108,0.6722054380664653,0.9802475502836514,0.5374396135265701,0.8117436380730072,1.1173230595886707,5.572127765752398e-05
20,2025-W37,20062,0.5376321893432785,0.5057216685123662,0.4796918767507003,0.9680154556187615,0.5347384855581577,0.6814316918293777,1.3395460555329919,6.677031480076721e-05
21,2025-W38,20001,0.5711074271148123,0.587273530711445,0.6527504911591355,0.9353743389924853,0.5337349397590362,0.7813872658259773,1.143071218393743,5.715070338451793e-05
22,2025-W39,20098,0.6201795199772921,0.633322181331549,0.7116541353383459,0.9182819130634247,0.5705244122965641,0.8083929247822457,1.1985870078206062,5.963712846156863e-05
23,2025-W40,20035,0.5157702045774742,0.5459317585301837,0.5110565110565111,0.9925106990014265,0.5859154929577465,0.7122001509533173,1.5160099137574434,7.566807655390285e-05
24,2025-W41,20098,0.5135084855591833,0.6002198607548552,0.7365107913669064,0.95796902981144,0.5064935064935064,0.8399729330468996,1.6222100239247084,8.071499770746882e-05
25,2025-W42,19932,0.5513141739845547,0.6296544035674471,0.7861915367483296,0.9295875606528452,0.5251022685013016,0.8548882224313255,1.0738720884546638,5.3876785493410784e-05
26,2025-W43,19948,0.5760808581347674,0.6566391719230147,0.841276419394944,0.9007698887938409,0.5384615384615384,0.8705150583093118,1.8602609634399414,9.32555125045088e-05
27,2025-W44,22522,0.5667826889672352,0.5947078857741682,0.6405191873589164,0.9561445783132531,0.5550122249388753,0.7825783975416384,2.2704380098730326,0.00010080978642540772
28,2025-W45,23973,0.9612279821489191,0.8362168396770473,0.7420675537359263,0.998608453644112,0.9577278731836195,0.8608338587298378,1.4185229083523154,5.9171689331844806e-05
29,2025-W46,23876,0.9891066337722949,0.9131428571428571,0.8545454545454545,0.9993025587376313,0.9803680981595092,0.9240938584823972,1.3290749629959464,5.5665729728427976e-05
30,2025-W47,23912,0.99615364639675,0.9479892761394102,0.9943757030371203,0.996003996003996,0.9057377049180327,0.9951895165013821,1.442458014935255,6.032360383636898e-05
31,2025-W48,24987,0.9068541024913424,0.8162055335968379,0.8862660944206009,0.9889420078985658,0.7564102564102564,0.9361975063781834,1.5042551094666123,6.020150916342948e-05
32,2025-W49,27219,0.9973210378183324,0.7971014492753623,1.0,0.9851790237816175,0.6626506024096386,0.9925618488445027,2.7381120016798377,0.00010059561342003151
33,2025-W50,27289,0.9975601813931892,0.9045691150954309,1.0,0.9937752291847437,0.8257655755015839,0.9968827559872544,1.5367569867521524,5.631415540152268e-05
34,2025-W51,27168,0.9976527898091119,0.9533923303834808,0.9963008631319359,0.9971165155366696,0.9140271493212669,0.9967086058985807,1.5566060319542885,5.729556949183924e-05
35,2025-W52,27100,0.9972896439913839,0.9702719797596457,0.9575530586766542,0.9995056846267919,0.9833333333333333,0.9783045157204826,2.5768070481717587,9.508513092884719e-05
36,2026-W01,21106,0.7077090314204495,0.7594108019639935,0.7733333333333333,0.9962030183600884,0.7459807073954984,0.8777226218260157,1.6606819117441773,7.868292958135967e-05
37,2026-W02,19901,0.5554458811646245,0.624,0.703971119133574,0.984183594355714,0.5603448275862069,0.8323682035923138,1.3703829608857632,6.886000506938159e-05
38,2026-W03,19986,0.7917604224229317,0.7450980392156863,0.7323788546255506,0.9888877240800923,0.758266818700114,0.8510231834180815,1.1861040256917477,5.934674400539116e-05
39,2026-W04,20326,0.9002665642275774,0.8517587939698492,0.7951524628616107,0.9951698430198982,0.9170423805229937,0.8895570536187516,1.2112928088754416,5.959327014048222e-05
40,2026-W05,19823,0.9096185817284799,0.8642131979695431,0.7765108323831242,0.9990499313839333,0.9742489270386266,0.8807798214146605,1.4644110342487693,7.387433961805828e-05
41,2026-W06,19887,0.863892478969129,0.807131280388979,0.6916666666666667,0.9995903108516413,0.9688715953307393,0.8314946171437623,1.3215410290285945,6.645250812232084e-05
42,2026-W07,20162,0.8986576274755433,0.8388214904679376,0.7267267267267268,0.9997948297086582,0.9918032786885246,0.8523952275749075,1.325828954577446,6.575880143723072e-05
43,2026-W08,19871,0.911924000095213,0.8679631525076765,0.7758462946020128,0.9993077005005858,0.9849012775842044,0.8805164260822381,1.9445399520918727,9.78581828841967e-05
44,2026-W09,20377,0.8304857332989019,0.8260594560404807,0.7783075089392133,0.9954447742860068,0.8800539083557951,0.8802057387685559,1.9412239780649543,9.526544526009492e-05
45,2026-W10,20225,0.4663427436692181,0.5750286368843069,0.6640211640211641,0.9877059505214894,0.5070707070707071,0.809850390489447,1.3272820506244898,6.562581214459776e-05
46,2026-W11,19956,0.5231706263789183,0.6420198376916141,0.8609431680773881,0.9645041559935177,0.511861969805895,0.9112536769115758,1.3504570815712214,6.767173188871625e-05
47,2026-W12,19948,0.5222849536822163,0.5860271115745568,0.687041564792176,0.9568933283478447,0.5109090909090909,0.8108177906578621,1.1248990194872022,5.639156905390025e-05
48,2026-W13,19976,0.5566791474511236,0.6405353728489483,0.8126137052759248,0.9347956566813991,0.5285996055226825,0.8715662695697401,1.5253678429871798,7.636002417837304e-05
49,2026-W14,20422,0.5380351444615533,0.6361951822112415,0.8319870759289176,0.9216267169404794,0.515,0.875660617662618,2.0104259019717574,9.844412408048953e-05
50,2026-W15,20119,0.5236374928886184,0.64171974522293,0.8520084566596194,0.9166072310308883,0.5146871008939975,0.8837177786339224,1.4255971182137728,7.085824932719185e-05
51,2026-W16,20109,0.554221399168974,0.6608497723823976,0.8514173998044966,0.9178431046891435,0.5399876007439554,0.8840065551922773,1.1889711022377014,5.912631668594666e-05
52,2026-W17,19878,0.5469828998167524,0.6490461049284578,0.8421866941722538,0.918613077652043,0.5279663756870352,0.8795701854264809,1.348343794234097,6.783095855891423e-05
53,2026-W18,19974,0.5414166108144247,0.5268456375838926,0.494488188976378,0.97401625320787,0.5637342908438061,0.694002545443687,1.1559270787984133,5.78715870030246e-05
54,2026-W19,19870,0.9462127846993467,0.7313054499366286,0.5804828973843058,0.9996291587200679,0.988013698630137,0.7617529982636505,1.8859670963138342,9.491530429360012e-05
55,2026-W20,20229,0.9849784030131041,0.8893982808022922,0.8083333333333333,0.9995329285380663,0.9885350318471338,0.898863606951357,1.8449421040713787,9.120283276837109e-05
56,2026-W21,20082,0.9969164455486406,0.9658203125,0.989,0.9969080809139503,0.9437022900763359,0.9929461677371522,1.3500450877472758,6.722662522394561e-05
57,2026-W22,20105,0.9992233417073921,0.9520987654320988,1.0,0.9949323441826445,0.9085768143261075,0.9974629537895854,1.1400979710742831,5.6707185828116544e-05
58,2026-W23,20103,0.9986897178325208,0.9771825396825397,0.985,0.9983772182379731,0.969488188976378,0.9916660526429265,1.577255898155272,7.845873243571965e-05
59,2026-W24,19956,0.9984463630835824,0.9766022380467956,0.9836065573770492,0.9984193888303478,0.9696969696969697,0.990985296493301,1.5840979758650064,7.93795337675389e-05
60,2026-W25,20171,0.9978788803831276,0.9616548940464178,0.9958202716823407,0.9962527323826377,0.9297560975609757,0.9960364785616802,1.2373620411381125,6.134361415587291e-05
61,2026-W26,20063,0.9971472111527773,0.947267497603068,0.9959677419354839,0.9944418226626816,0.903107861060329,0.9952044898429457,1.0680209379643202,5.323336180851918e-05
62,2026-W27,20173,0.6383897091276598,0.6434782608695652,0.4889867841409692,0.9996490524415923,0.940677966101695,0.6991531845189446,1.0951119475066662,5.4286023274013096e-05
63,2026-W28,19923,0.5061278676562949,0.47833241908941304,0.7465753424657534,0.9584776875743317,0.35189669087974174,0.8459171400595865,1.288109109736979,6.465437482994424e-05
64,2026-W29,20103,0.8099244912437011,0.7472411981082502,0.750791974656811,0.9872102735435373,0.7437238493723849,0.8609236613517153,1.5959700103849173,7.938964385340085e-05
65,2026-W30,20113,0.8917186661330594,0.8353510895883777,0.7451403887688985,0.9971160008545182,0.9504132231404959,0.8619694916436574,1.3337050331756473,6.631059678693617e-05
66,2026-W31,20005,0.876375715814566,0.8244023083264633,0.7082152974504249,0.9996372869060574,0.9861932938856016,0.8414026494424112,1.1555160162970424,5.7761360474733435e-05
67,2026-W32,20308,0.8580877329443959,0.7941534713763703,0.6612576064908722,0.9998990663638657,0.9939024390243902,0.8131364358803679,1.3049088884145021,6.42559035067216e-05
68,2026-W33,20235,0.902296515372149,0.8299223712067749,0.717948717948718,0.9994849608570251,0.9832775919732442,0.8471003165247465,1.9451190019026399,9.612646414146972e-05
69,2026-W34,20001,0.9033838415674226,0.8441496920890573,0.7406483790523691,0.9990956484732418,0.9812775330396476,0.8602200721675716,1.9553500460460782,9.776261417159533e-05
70,2026-W35,20057,0.9071276910361178,0.8686782830429239,0.7837423312883436,0.9985602303631419,0.9742612011439467,0.884654691321215,1.1076859664171934,5.522690165115388e-05
71,2026-W36,20299,0.4765606985268547,0.5879629629629629,0.6889692585895117,0.981667173098349,0.5127860026917901,0.8223980206878123,1.3860248727723956,6.828045089769919e-05
72,2026-W37,19884,0.5706957122530267,0.6380660537963909,0.7814845704753962,0.9571313888145572,0.5391254315304949,0.8648603426428244,1.1455280473455787,5.761054351969316e-05
73,2026-W38,19995,0.5486962739224384,0.6392405063291139,0.8301369863013699,0.9229499174463401,0.5197255574614065,0.8753141510200797,1.5502830501645803,7.753353589220206e-05
74,2026-W39,20128,0.5586573351635019,0.6626838235294118,0.8652,0.8942024052643521,0.5369910625620655,0.8795816738852155,1.6949570272117853,8.42089143090116e-05
75,2026-W40,20318,0.5254628505937382,0.6122004357298475,0.7615176151761518,0.9726251276813075,0.51183970856102,0.8606225465860567,1.3660970143973827,6.723580147639446e-05
76,2026-W41,20118,0.4926434159288883,0.6443426154388439,0.8362305580969808,0.9563731931668856,0.5240825688073395,0.8942865810638871,1.208848087117076,6.0087885829459985e-05
77,2026-W42,20055,0.5418085782463866,0.6414584740040513,0.8451957295373665,0.9274865262126408,0.5168661588683352,0.8853855946187349,1.7783448565751314,8.867339100349695e-05
78,2026-W43,20101,0.5702881853131823,0.6509480626545754,0.8504954760878931,0.9004499437570304,0.5272435897435898,0.8751163371854922,1.9616209901869297,9.758822895313316e-05
79,2026-W44,21909,0.5892416752031846,0.648716870004207,0.7648809523809523,0.939878349168049,0.5631848064280497,0.8478767875310036,1.951485057361424,8.907230167334995e-05
80,2026-W45,24040,0.893542452441836,0.722875816993464,0.5997830802603037,0.9976209014620642,0.9095394736842105,0.773534832577679,1.3316299300640821,5.539225998602671e-05
81,2026-W46,23963,0.9681219692784978,0.8748524203069658,0.8151815181518152,0.998091437494578,0.9439490445859873,0.902012025014721,1.7152369255200028,7.157855550306734e-05
82,2026-W47,23965,0.9882518855971273,0.9185110663983903,0.9934711643090316,0.9932309294454569,0.8540692235734331,0.9933510396148582,1.433350844308734,5.981017501809864e-05
83,2026-W48,24565,0.9384308988588759,0.8358381502890173,0.8006644518272426,0.9956047671371819,0.8742442563482467,0.8928299642801429,1.3311889488250017,5.419047216873608e-05
84,2026-W49,26893,0.9980431287251197,0.7921390778533636,0.655819774718398,1.0,1.0,0.8098270029570501,2.4109710939228535,8.965050734104985e-05
85,2026-W50,26870,0.9977025271837896,0.9550128534704371,0.9946452476572959,0.9974734907935535,0.9184177997527813,0.996058365399308,1.677814987488091,6.24419422213655e-05
86,2026-W51,27288,0.9990531203239231,0.9694915254237289,0.9953596287703016,0.9981079240142284,0.9449339207048458,0.996732829157091,1.7514749197289348,6.418480356673024e-05
87,2026-W52,27212,0.99916157055952,0.9723889555822329,0.996309963099631,0.9983711504223645,0.9495896834701055,0.9973400242831139,2.205193042755127,8.103752178285782e-05
88,2026-W53,7611,0.9991583979214235,0.981651376146789,0.9861751152073732,0.9993237760346226,0.9771689497716894,0.9927276766366551,0.8924090070649981,0.0001172525301622649
